[
    {
        "pk": 23, 
        "model": "reporters.reporter", 
        "fields": {
            "first_name": "abdelwahab", 
            "last_name": "", 
            "language": "fr", 
            "registered_self": 1, 
            "alias": "abdelwahab", 
            "groups": []
        }
    }, 
    {
        "pk": 29, 
        "model": "reporters.reporter", 
        "fields": {
            "first_name": "ahmedsalem", 
            "last_name": "", 
            "language": "fr", 
            "registered_self": 1, 
            "alias": "ahmedsalem", 
            "groups": []
        }
    }, 
    {
        "pk": 26, 
        "model": "reporters.reporter", 
        "fields": {
            "first_name": "baro", 
            "last_name": "", 
            "language": "fr", 
            "registered_self": 1, 
            "alias": "baro", 
            "groups": []
        }
    }, 
    {
        "pk": 17, 
        "model": "reporters.reporter", 
        "fields": {
            "first_name": "cheikh", 
            "last_name": "", 
            "language": "fr", 
            "registered_self": 1, 
            "alias": "cheikh1", 
            "groups": []
        }
    }, 
    {
        "pk": 11, 
        "model": "reporters.reporter", 
        "fields": {
            "first_name": "cheikh", 
            "last_name": "", 
            "language": "fr", 
            "registered_self": 1, 
            "alias": "cheikh", 
            "groups": []
        }
    }, 
    {
        "pk": 10, 
        "model": "reporters.reporter", 
        "fields": {
            "first_name": "diagana", 
            "last_name": "", 
            "language": "fr", 
            "registered_self": 1, 
            "alias": "diagana", 
            "groups": []
        }
    }, 
    {
        "pk": 4, 
        "model": "reporters.reporter", 
        "fields": {
            "first_name": "ines", 
            "last_name": "", 
            "language": "fr", 
            "registered_self": 1, 
            "alias": "ines", 
            "groups": []
        }
    }, 
    {
        "pk": 8, 
        "model": "reporters.reporter", 
        "fields": {
            "first_name": "khaled", 
            "last_name": "", 
            "language": "fr", 
            "registered_self": 1, 
            "alias": "khaled", 
            "groups": []
        }
    }, 
    {
        "pk": 28, 
        "model": "reporters.reporter", 
        "fields": {
            "first_name": "ma?mouna", 
            "last_name": "", 
            "language": "fr", 
            "registered_self": 1, 
            "alias": "mamouna1", 
            "groups": []
        }
    }, 
    {
        "pk": 27, 
        "model": "reporters.reporter", 
        "fields": {
            "first_name": "ma?mouna", 
            "last_name": "", 
            "language": "fr", 
            "registered_self": 1, 
            "alias": "mamouna", 
            "groups": []
        }
    }, 
    {
        "pk": 30, 
        "model": "reporters.reporter", 
        "fields": {
            "first_name": "maimouna", 
            "last_name": "", 
            "language": "fr", 
            "registered_self": 1, 
            "alias": "maimouna", 
            "groups": []
        }
    }, 
    {
        "pk": 3, 
        "model": "reporters.reporter", 
        "fields": {
            "first_name": "mamadouyero", 
            "last_name": "", 
            "language": "fr", 
            "registered_self": 1, 
            "alias": "mamadouyero", 
            "groups": []
        }
    }, 
    {
        "pk": 16, 
        "model": "reporters.reporter", 
        "fields": {
            "first_name": "mamodouba", 
            "last_name": "", 
            "language": "fr", 
            "registered_self": 1, 
            "alias": "mamodouba", 
            "groups": []
        }
    }, 
    {
        "pk": 24, 
        "model": "reporters.reporter", 
        "fields": {
            "first_name": "mbow", 
            "last_name": "", 
            "language": "fr", 
            "registered_self": 1, 
            "alias": "mbow", 
            "groups": []
        }
    }, 
    {
        "pk": 25, 
        "model": "reporters.reporter", 
        "fields": {
            "first_name": "mbow", 
            "last_name": "", 
            "language": "fr", 
            "registered_self": 1, 
            "alias": "mbow1", 
            "groups": []
        }
    }, 
    {
        "pk": 19, 
        "model": "reporters.reporter", 
        "fields": {
            "first_name": "medmahmoud", 
            "last_name": "", 
            "language": "fr", 
            "registered_self": 1, 
            "alias": "medmahmoud", 
            "groups": []
        }
    }, 
    {
        "pk": 13, 
        "model": "reporters.reporter", 
        "fields": {
            "first_name": "moulaye", 
            "last_name": "", 
            "language": "fr", 
            "registered_self": 1, 
            "alias": "moulaye", 
            "groups": []
        }
    }, 
    {
        "pk": 9, 
        "model": "reporters.reporter", 
        "fields": {
            "first_name": "ousmane", 
            "last_name": "", 
            "language": "fr", 
            "registered_self": 1, 
            "alias": "ousmane", 
            "groups": []
        }
    }, 
    {
        "pk": 20, 
        "model": "reporters.reporter", 
        "fields": {
            "first_name": "racine", 
            "last_name": "", 
            "language": "fr", 
            "registered_self": 1, 
            "alias": "racine", 
            "groups": []
        }
    }, 
    {
        "pk": 18, 
        "model": "reporters.reporter", 
        "fields": {
            "first_name": "salimata", 
            "last_name": "", 
            "language": "fr", 
            "registered_self": 1, 
            "alias": "salimata", 
            "groups": []
        }
    }, 
    {
        "pk": 5, 
        "model": "reporters.reporter", 
        "fields": {
            "first_name": "samba", 
            "last_name": "ba", 
            "language": "fr", 
            "registered_self": 1, 
            "alias": "sba", 
            "groups": []
        }
    }, 
    {
        "pk": 14, 
        "model": "reporters.reporter", 
        "fields": {
            "first_name": "ibrahima", 
            "last_name": "cisko", 
            "language": "fr", 
            "registered_self": 1, 
            "alias": "icisko", 
            "groups": []
        }
    }, 
    {
        "pk": 12, 
        "model": "reporters.reporter", 
        "fields": {
            "first_name": "ramata", 
            "last_name": "dem", 
            "language": "fr", 
            "registered_self": 1, 
            "alias": "rdem", 
            "groups": []
        }
    }, 
    {
        "pk": 15, 
        "model": "reporters.reporter", 
        "fields": {
            "first_name": "amadou", 
            "last_name": "diallo", 
            "language": "fr", 
            "registered_self": 1, 
            "alias": "adiallo", 
            "groups": []
        }
    }, 
    {
        "pk": 1, 
        "model": "reporters.reporter", 
        "fields": {
            "first_name": "robert", 
            "last_name": "johnston", 
            "language": "fr", 
            "registered_self": 1, 
            "alias": "", 
            "groups": []
        }
    }, 
    {
        "pk": 22, 
        "model": "reporters.reporter", 
        "fields": {
            "first_name": "wony", 
            "last_name": "kane", 
            "language": "fr", 
            "registered_self": 1, 
            "alias": "wkane", 
            "groups": []
        }
    }, 
    {
        "pk": 7, 
        "model": "reporters.reporter", 
        "fields": {
            "first_name": "mamadou", 
            "last_name": "sall", 
            "language": "fr", 
            "registered_self": 1, 
            "alias": "msall", 
            "groups": []
        }
    }, 
    {
        "pk": 6, 
        "model": "reporters.reporter", 
        "fields": {
            "first_name": "moussa", 
            "last_name": "sarr", 
            "language": "fr", 
            "registered_self": 1, 
            "alias": "msarr", 
            "groups": []
        }
    }, 
    {
        "pk": 21, 
        "model": "reporters.reporter", 
        "fields": {
            "first_name": "ahmed", 
            "last_name": "tall", 
            "language": "fr", 
            "registered_self": 1, 
            "alias": "atall", 
            "groups": []
        }
    }, 
    {
        "pk": 2, 
        "model": "reporters.reporter", 
        "fields": {
            "first_name": "evan", 
            "last_name": "wheeler", 
            "language": "fr", 
            "registered_self": 1, 
            "alias": "ewheeler", 
            "groups": []
        }
    }, 
    {
        "pk": 1, 
        "model": "reporters.persistantbackend", 
        "fields": {
            "slug": "http_HttpHandler", 
            "title": "http"
        }
    }, 
    {
        "pk": 2, 
        "model": "reporters.persistantbackend", 
        "fields": {
            "slug": "pygsm", 
            "title": "pyGSM"
        }
    }, 
    {
        "pk": 9, 
        "model": "reporters.persistantconnection", 
        "fields": {
            "last_seen": "2009-12-03 12:33:41", 
            "reporter": 3, 
            "identity": "+2226622305", 
            "backend": 2
        }
    }, 
    {
        "pk": 8, 
        "model": "reporters.persistantconnection", 
        "fields": {
            "last_seen": "2009-12-03 12:35:17", 
            "reporter": null, 
            "identity": "+2222044342", 
            "backend": 2
        }
    }, 
    {
        "pk": 7, 
        "model": "reporters.persistantconnection", 
        "fields": {
            "last_seen": "2009-12-03 16:49:47", 
            "reporter": 2, 
            "identity": "+2223274162", 
            "backend": 2
        }
    }, 
    {
        "pk": 10, 
        "model": "reporters.persistantconnection", 
        "fields": {
            "last_seen": "2009-12-03 12:45:35", 
            "reporter": 15, 
            "identity": "+2226658999", 
            "backend": 2
        }
    }, 
    {
        "pk": 11, 
        "model": "reporters.persistantconnection", 
        "fields": {
            "last_seen": "2009-12-03 13:32:00", 
            "reporter": 4, 
            "identity": "+2226116903", 
            "backend": 2
        }
    }, 
    {
        "pk": 12, 
        "model": "reporters.persistantconnection", 
        "fields": {
            "last_seen": "2009-12-03 12:35:54", 
            "reporter": 5, 
            "identity": "+2226467716", 
            "backend": 2
        }
    }, 
    {
        "pk": 13, 
        "model": "reporters.persistantconnection", 
        "fields": {
            "last_seen": "2009-12-03 12:57:25", 
            "reporter": 8, 
            "identity": "+2222235775", 
            "backend": 2
        }
    }, 
    {
        "pk": 14, 
        "model": "reporters.persistantconnection", 
        "fields": {
            "last_seen": "2009-12-03 12:46:01", 
            "reporter": 16, 
            "identity": "+2226024598", 
            "backend": 2
        }
    }, 
    {
        "pk": 15, 
        "model": "reporters.persistantconnection", 
        "fields": {
            "last_seen": "2009-12-03 12:53:52", 
            "reporter": null, 
            "identity": "+2226925737", 
            "backend": 2
        }
    }, 
    {
        "pk": 16, 
        "model": "reporters.persistantconnection", 
        "fields": {
            "last_seen": "2009-12-03 12:37:05", 
            "reporter": 6, 
            "identity": "+2222109497", 
            "backend": 2
        }
    }, 
    {
        "pk": 17, 
        "model": "reporters.persistantconnection", 
        "fields": {
            "last_seen": "2009-12-03 12:37:56", 
            "reporter": 7, 
            "identity": "+2224127493", 
            "backend": 2
        }
    }, 
    {
        "pk": 18, 
        "model": "reporters.persistantconnection", 
        "fields": {
            "last_seen": "2009-12-03 12:42:12", 
            "reporter": 11, 
            "identity": "+2226659099", 
            "backend": 2
        }
    }, 
    {
        "pk": 19, 
        "model": "reporters.persistantconnection", 
        "fields": {
            "last_seen": "2009-12-03 12:40:17", 
            "reporter": 10, 
            "identity": "+2222058165", 
            "backend": 2
        }
    }, 
    {
        "pk": 20, 
        "model": "reporters.persistantconnection", 
        "fields": {
            "last_seen": "2009-12-03 12:48:33", 
            "reporter": 20, 
            "identity": "+2227212021", 
            "backend": 2
        }
    }, 
    {
        "pk": 21, 
        "model": "reporters.persistantconnection", 
        "fields": {
            "last_seen": "2009-12-03 12:42:50", 
            "reporter": 12, 
            "identity": "+2226451676", 
            "backend": 2
        }
    }, 
    {
        "pk": 22, 
        "model": "reporters.persistantconnection", 
        "fields": {
            "last_seen": "2009-12-03 13:35:25", 
            "reporter": 19, 
            "identity": "+2222464633", 
            "backend": 2
        }
    }, 
    {
        "pk": 23, 
        "model": "reporters.persistantconnection", 
        "fields": {
            "last_seen": "2009-12-03 13:10:31", 
            "reporter": 13, 
            "identity": "+2226728513", 
            "backend": 2
        }
    }, 
    {
        "pk": 24, 
        "model": "reporters.persistantconnection", 
        "fields": {
            "last_seen": "2009-12-03 12:44:22", 
            "reporter": 14, 
            "identity": "+2226400410", 
            "backend": 2
        }
    }, 
    {
        "pk": 25, 
        "model": "reporters.persistantconnection", 
        "fields": {
            "last_seen": "2009-12-03 13:13:52", 
            "reporter": 23, 
            "identity": "+2222071350", 
            "backend": 2
        }
    }, 
    {
        "pk": 26, 
        "model": "reporters.persistantconnection", 
        "fields": {
            "last_seen": "2009-12-03 12:47:28", 
            "reporter": 17, 
            "identity": "+2226456744", 
            "backend": 2
        }
    }, 
    {
        "pk": 27, 
        "model": "reporters.persistantconnection", 
        "fields": {
            "last_seen": "2009-12-03 12:52:22", 
            "reporter": 18, 
            "identity": "+2226435018", 
            "backend": 2
        }
    }, 
    {
        "pk": 28, 
        "model": "reporters.persistantconnection", 
        "fields": {
            "last_seen": "2009-12-03 12:48:51", 
            "reporter": 21, 
            "identity": "+2226624262", 
            "backend": 2
        }
    }, 
    {
        "pk": 29, 
        "model": "reporters.persistantconnection", 
        "fields": {
            "last_seen": "2009-12-03 12:52:19", 
            "reporter": 22, 
            "identity": "+2227568455", 
            "backend": 2
        }
    }, 
    {
        "pk": 30, 
        "model": "reporters.persistantconnection", 
        "fields": {
            "last_seen": "2009-12-03 13:49:10", 
            "reporter": 30, 
            "identity": "+2226448343", 
            "backend": 2
        }
    }, 
    {
        "pk": 31, 
        "model": "reporters.persistantconnection", 
        "fields": {
            "last_seen": "2009-12-03 12:56:48", 
            "reporter": 25, 
            "identity": "+2226440023", 
            "backend": 2
        }
    }, 
    {
        "pk": 32, 
        "model": "reporters.persistantconnection", 
        "fields": {
            "last_seen": "2009-12-03 17:02:57", 
            "reporter": 26, 
            "identity": "+2226540753", 
            "backend": 2
        }
    }, 
    {
        "pk": 33, 
        "model": "reporters.persistantconnection", 
        "fields": {
            "last_seen": "2009-12-03 13:38:40", 
            "reporter": 29, 
            "identity": "+2226689741", 
            "backend": 2
        }
    }, 
    {
        "pk": 34, 
        "model": "reporters.persistantconnection", 
        "fields": {
            "last_seen": "2009-12-03 13:18:55", 
            "reporter": null, 
            "identity": "+2222392120", 
            "backend": 2
        }
    }, 
    {
        "pk": 35, 
        "model": "reporters.persistantconnection", 
        "fields": {
            "last_seen": "2009-12-03 13:39:27", 
            "reporter": null, 
            "identity": "+2226113881", 
            "backend": 2
        }
    }, 
    {
        "pk": 36, 
        "model": "reporters.persistantconnection", 
        "fields": {
            "last_seen": "2009-12-03 17:06:02", 
            "reporter": null, 
            "identity": "+2226300741", 
            "backend": 2
        }
    }, 
    {
        "pk": 37, 
        "model": "reporters.persistantconnection", 
        "fields": {
            "last_seen": "2009-12-03 19:05:50", 
            "reporter": 2, 
            "identity": "444444", 
            "backend": 1
        }
    }
]
